orderId,timestamp,Count
355,2017-01-01,124
943,2017-01-02,38
1080,2017-01-03,21
107,2017-01-04,231
336,2017-01-05,129
775,2017-01-06,53
136,2017-01-07,214
739,2017-01-08,56
232,2017-01-09,164
483,2017-01-10,96
800,2017-01-11,50
73,2017-01-12,254
340,2017-01-13,128
157,2017-01-14,203
474,2017-01-15,98
1105,2017-01-16,14
626,2017-01-17,69
1066,2017-01-18,22
810,2017-01-19,50
417,2017-01-20,110
100,2017-01-21,234
461,2017-01-22,101
819,2017-01-23,49
939,2017-01-24,38
1108,2017-01-25,14
650,2017-01-26,65
270,2017-01-27,151
38,2017-01-28,288
401,2017-01-29,112
1055,2017-01-30,24
979,2017-01-31,34
265,2017-02-01,153
766,2017-02-02,53
851,2017-02-03,46
358,2017-02-04,124
1050,2017-02-05,25
518,2017-02-06,89
299,2017-02-07,139
609,2017-02-08,71
158,2017-02-09,202
864,2017-02-10,45
898,2017-02-11,42
97,2017-02-12,236
473,2017-02-13,99
195,2017-02-14,181
896,2017-02-15,42
866,2017-02-16,45
248,2017-02-17,160
179,2017-02-18,193
400,2017-02-19,112
764,2017-02-20,54
548,2017-02-21,82
840,2017-02-22,48
783,2017-02-23,52
247,2017-02-24,161
174,2017-02-25,196
676,2017-02-26,62
639,2017-02-27,67
1110,2017-02-28,13
778,2017-03-01,52
492,2017-03-02,94
233,2017-03-03,164
963,2017-03-04,36
1088,2017-03-05,20
166,2017-03-06,200
955,2017-03-07,37
969,2017-03-08,35
530,2017-03-09,85
799,2017-03-10,50
331,2017-03-11,130
436,2017-03-12,105
918,2017-03-13,40
644,2017-03-14,66
893,2017-03-15,43
481,2017-03-16,96
243,2017-03-17,162
135,2017-03-18,214
406,2017-03-19,111
710,2017-03-20,58
1118,2017-03-21,4
906,2017-03-22,41
1014,2017-03-23,30
317,2017-03-24,135
144,2017-03-25,208
217,2017-03-26,168
854,2017-03-27,46
1060,2017-03-28,24
1079,2017-03-29,21
501,2017-03-30,92
254,2017-03-31,158
915,2017-04-01,40
96,2017-04-02,237
74,2017-04-03,254
519,2017-04-04,89
780,2017-04-05,52
593,2017-04-06,73
591,2017-04-07,74
242,2017-04-08,162
887,2017-04-09,43
984,2017-04-10,34
162,2017-04-11,201
612,2017-04-12,71
558,2017-04-13,81
545,2017-04-14,83
131,2017-04-15,218
532,2017-04-16,85
466,2017-04-17,100
962,2017-04-18,36
894,2017-04-19,43
928,2017-04-20,39
262,2017-04-21,154
81,2017-04-22,247
681,2017-04-23,62
888,2017-04-24,43
945,2017-04-25,38
760,2017-04-26,54
587,2017-04-27,74
357,2017-04-28,124
109,2017-04-29,231
421,2017-04-30,108
1115,2017-05-01,8
259,2017-05-02,156
419,2017-05-03,109
1018,2017-05-04,30
267,2017-05-05,152
927,2017-05-06,39
827,2017-05-07,48
79,2017-05-08,249
1084,2017-05-09,21
533,2017-05-10,85
496,2017-05-11,93
551,2017-05-12,82
86,2017-05-13,245
673,2017-05-14,62
700,2017-05-15,59
994,2017-05-16,32
998,2017-05-17,32
751,2017-05-18,55
269,2017-05-19,151
16,2017-05-20,327
572,2017-05-21,78
1042,2017-05-22,26
850,2017-05-23,46
912,2017-05-24,40
905,2017-05-25,41
333,2017-05-26,129
192,2017-05-27,184
323,2017-05-28,132
437,2017-05-29,105
592,2017-05-30,73
736,2017-05-31,56
234,2017-06-01,164
1098,2017-06-02,17
903,2017-06-03,41
567,2017-06-04,79
60,2017-06-05,263
1109,2017-06-06,13
744,2017-06-07,55
596,2017-06-08,73
781,2017-06-09,52
351,2017-06-10,124
953,2017-06-11,37
641,2017-06-12,67
869,2017-06-13,45
1051,2017-06-14,25
597,2017-06-15,73
562,2017-06-16,80
236,2017-06-17,163
283,2017-06-18,146
1082,2017-06-19,21
830,2017-06-20,48
950,2017-06-21,37
684,2017-06-22,61
319,2017-06-23,134
57,2017-06-24,268
371,2017-06-25,119
986,2017-06-26,33
913,2017-06-27,40
479,2017-06-28,97
805,2017-06-29,50
372,2017-06-30,119
64,2017-07-01,262
1099,2017-07-02,17
796,2017-07-03,51
430,2017-07-04,106
391,2017-07-05,116
1059,2017-07-06,24
335,2017-07-07,129
845,2017-07-08,47
977,2017-07-09,34
25,2017-07-10,306
1062,2017-07-11,24
1056,2017-07-12,24
652,2017-07-13,65
341,2017-07-14,128
99,2017-07-15,235
513,2017-07-16,89
1058,2017-07-17,24
929,2017-07-18,39
835,2017-07-19,48
691,2017-07-20,60
327,2017-07-21,131
215,2017-07-22,169
538,2017-07-23,84
914,2017-07-24,40
926,2017-07-25,39
568,2017-07-26,79
992,2017-07-27,32
297,2017-07-28,139
148,2017-07-29,207
509,2017-07-30,90
1093,2017-07-31,19
428,2017-08-01,107
1095,2017-08-02,18
933,2017-08-03,39
116,2017-08-04,228
1002,2017-08-05,31
846,2017-08-06,47
260,2017-08-07,154
735,2017-08-08,56
277,2017-08-09,148
302,2017-08-10,139
714,2017-08-11,58
189,2017-08-12,186
522,2017-08-13,87
722,2017-08-14,57
613,2017-08-15,71
862,2017-08-16,46
897,2017-08-17,42
261,2017-08-18,154
161,2017-08-19,202
239,2017-08-20,162
934,2017-08-21,39
697,2017-08-22,59
1020,2017-08-23,30
491,2017-08-24,94
457,2017-08-25,101
43,2017-08-26,275
303,2017-08-27,138
464,2017-08-28,100
860,2017-08-29,46
966,2017-08-30,35
769,2017-08-31,53
790,2017-09-01,51
1001,2017-09-02,32
1083,2017-09-03,21
595,2017-09-04,73
870,2017-09-05,44
183,2017-09-06,191
633,2017-09-07,68
634,2017-09-08,68
67,2017-09-09,258
1097,2017-09-10,17
990,2017-09-11,33
168,2017-09-12,199
1089,2017-09-13,19
600,2017-09-14,72
290,2017-09-15,143
84,2017-09-16,246
526,2017-09-17,86
997,2017-09-18,32
699,2017-09-19,59
1107,2017-09-20,14
653,2017-09-21,65
213,2017-09-22,172
80,2017-09-23,249
454,2017-09-24,101
643,2017-09-25,67
709,2017-09-26,58
706,2017-09-27,59
584,2017-09-28,75
228,2017-09-29,165
46,2017-09-30,274
757,2017-10-01,54
383,2017-10-02,117
294,2017-10-03,141
816,2017-10-04,49
704,2017-10-05,59
150,2017-10-06,206
1025,2017-10-07,28
544,2017-10-08,83
281,2017-10-09,146
904,2017-10-10,41
201,2017-10-11,178
230,2017-10-12,165
278,2017-10-13,147
30,2017-10-14,301
502,2017-10-15,92
1030,2017-10-16,28
797,2017-10-17,51
1038,2017-10-18,27
746,2017-10-19,55
255,2017-10-20,158
154,2017-10-21,204
295,2017-10-22,141
881,2017-10-23,43
768,2017-10-24,53
585,2017-10-25,75
685,2017-10-26,61
177,2017-10-27,194
108,2017-10-28,231
448,2017-10-29,102
847,2017-10-30,47
795,2017-10-31,51
716,2017-11-01,58
88,2017-11-02,244
145,2017-11-03,208
828,2017-11-04,48
844,2017-11-05,47
662,2017-11-06,64
876,2017-11-07,44
320,2017-11-08,134
868,2017-11-09,45
974,2017-11-10,35
120,2017-11-11,225
988,2017-11-12,33
669,2017-11-13,63
836,2017-11-14,48
607,2017-11-15,72
1061,2017-11-16,24
216,2017-11-17,169
26,2017-11-18,306
721,2017-11-19,57
801,2017-11-20,50
1112,2017-11-21,12
1035,2017-11-22,27
550,2017-11-23,82
76,2017-11-24,251
78,2017-11-25,251
517,2017-11-26,89
949,2017-11-27,37
1008,2017-11-28,31
660,2017-11-29,64
611,2017-11-30,71
942,2017-12-01,38
698,2017-12-02,59
381,2017-12-03,117
623,2017-12-04,69
212,2017-12-05,172
982,2017-12-06,34
450,2017-12-07,102
27,2017-12-08,305
968,2017-12-09,35
668,2017-12-10,63
420,2017-12-11,109
859,2017-12-12,46
856,2017-12-13,46
878,2017-12-14,44
102,2017-12-15,233
72,2017-12-16,254
663,2017-12-17,64
621,2017-12-18,70
549,2017-12-19,82
455,2017-12-20,101
657,2017-12-21,65
153,2017-12-22,205
47,2017-12-23,274
190,2017-12-24,186
9993,2017-12-25,132
759,2017-12-26,54
485,2017-12-27,95
459,2017-12-28,101
291,2017-12-29,143
193,2017-12-30,184
34,2017-12-31,298
160,2018-01-01,202
886,2018-01-02,43
296,2018-01-03,141
535,2018-01-04,85
741,2018-01-05,55
252,2018-01-06,159
413,2018-01-07,110
972,2018-01-08,35
58,2018-01-09,267
678,2018-01-10,62
640,2018-01-11,67
52,2018-01-12,271
35,2018-01-13,297
583,2018-01-14,75
1013,2018-01-15,30
826,2018-01-16,49
718,2018-01-17,57
991,2018-01-18,32
301,2018-01-19,139
94,2018-01-20,240
345,2018-01-21,126
604,2018-01-22,72
948,2018-01-23,37
554,2018-01-24,82
552,2018-01-25,82
204,2018-01-26,176
173,2018-01-27,196
271,2018-01-28,149
938,2018-01-29,38
873,2018-01-30,44
575,2018-01-31,77
670,2018-02-01,63
155,2018-02-02,204
105,2018-02-03,232
263,2018-02-04,153
1040,2018-02-05,26
104,2018-02-06,232
1022,2018-02-07,29
503,2018-02-08,92
561,2018-02-09,80
965,2018-02-10,35
121,2018-02-11,225
298,2018-02-12,139
1004,2018-02-13,31
4,2018-02-14,369
1117,2018-02-15,5
529,2018-02-16,86
114,2018-02-17,229
809,2018-02-18,50
569,2018-02-19,78
672,2018-02-20,62
815,2018-02-21,49
737,2018-02-22,56
207,2018-02-23,174
15,2018-02-24,329
411,2018-02-25,110
838,2018-02-26,48
1019,2018-02-27,30
523,2018-02-28,87
664,2018-03-01,63
5,2018-03-02,367
2,2018-03-03,380
656,2018-03-04,65
508,2018-03-05,91
423,2018-03-06,108
728,2018-03-07,56
359,2018-03-08,123
520,2018-03-09,88
1072,2018-03-10,22
39,2018-03-11,286
1065,2018-03-12,23
747,2018-03-13,55
877,2018-03-14,44
921,2018-03-15,40
198,2018-03-16,180
75,2018-03-17,252
490,2018-03-18,95
1015,2018-03-19,30
1005,2018-03-20,31
1063,2018-03-21,23
756,2018-03-22,54
196,2018-03-23,181
68,2018-03-24,258
770,2018-03-25,53
1104,2018-03-26,14
500,2018-03-27,92
792,2018-03-28,51
363,2018-03-29,123
280,2018-03-30,146
71,2018-03-31,255
803,2018-04-01,50
753,2018-04-02,54
625,2018-04-03,69
693,2018-04-04,60
324,2018-04-05,131
841,2018-04-06,47
973,2018-04-07,35
132,2018-04-08,218
527,2018-04-09,86
616,2018-04-10,70
334,2018-04-11,129
1069,2018-04-12,22
9999,2018-04-13,33
9989,2018-04-14,44
752,2018-04-15,55
1047,2018-04-16,26
738,2018-04-17,56
1049,2018-04-18,25
824,2018-04-19,49
525,2018-04-20,87
197,2018-04-21,181
449,2018-04-22,102
931,2018-04-23,39
565,2018-04-24,79
618,2018-04-25,70
594,2018-04-26,73
92,2018-04-27,240
53,2018-04-28,271
305,2018-04-29,138
829,2018-04-30,48
338,2018-05-01,128
504,2018-05-02,91
932,2018-05-03,39
734,2018-05-04,56
172,2018-05-05,197
961,2018-05-06,36
696,2018-05-07,59
382,2018-05-08,117
576,2018-05-09,77
87,2018-05-10,244
806,2018-05-11,50
976,2018-05-12,35
159,2018-05-13,202
1031,2018-05-14,28
1070,2018-05-15,22
952,2018-05-16,37
802,2018-05-17,50
141,2018-05-18,210
127,2018-05-19,221
330,2018-05-20,130
1045,2018-05-21,26
1106,2018-05-22,14
891,2018-05-23,43
425,2018-05-24,108
191,2018-05-25,185
95,2018-05-26,237
488,2018-05-27,95
482,2018-05-28,96
580,2018-05-29,76
690,2018-05-30,60
497,2018-05-31,93
54,2018-06-01,270
1048,2018-06-02,25
1071,2018-06-03,22
350,2018-06-04,125
396,2018-06-05,113
880,2018-06-06,43
235,2018-06-07,163
732,2018-06-08,56
385,2018-06-09,117
3,2018-06-10,374
471,2018-06-11,99
832,2018-06-12,48
916,2018-06-13,40
645,2018-06-14,66
101,2018-06-15,233
152,2018-06-16,205
139,2018-06-17,211
863,2018-06-18,46
630,2018-06-19,69
940,2018-06-20,38
647,2018-06-21,66
370,2018-06-22,120
65,2018-06-23,259
409,2018-06-24,111
705,2018-06-25,59
843,2018-06-26,47
804,2018-06-27,50
412,2018-06-28,110
308,2018-06-29,136
180,2018-06-30,192
378,2018-07-01,118
818,2018-07-02,49
1017,2018-07-03,30
117,2018-07-04,227
601,2018-07-05,72
767,2018-07-06,53
146,2018-07-07,208
577,2018-07-08,77
273,2018-07-09,149
275,2018-07-10,149
563,2018-07-11,80
123,2018-07-12,223
282,2018-07-13,146
126,2018-07-14,221
534,2018-07-15,85
1111,2018-07-16,13
791,2018-07-17,51
754,2018-07-18,54
665,2018-07-19,63
208,2018-07-20,174
169,2018-07-21,198
361,2018-07-22,123
825,2018-07-23,49
935,2018-07-24,39
788,2018-07-25,52
446,2018-07-26,103
367,2018-07-27,121
50,2018-07-28,273
293,2018-07-29,141
899,2018-07-30,42
619,2018-07-31,70
919,2018-08-01,40
1052,2018-08-02,25
521,2018-08-03,87
761,2018-08-04,54
834,2018-08-05,48
272,2018-08-06,149
377,2018-08-07,118
733,2018-08-08,56
24,2018-08-09,307
143,2018-08-10,209
776,2018-08-11,52
182,2018-08-12,192
628,2018-08-13,69
890,2018-08-14,43
447,2018-08-15,103
727,2018-08-16,56
222,2018-08-17,167
28,2018-08-18,303
541,2018-08-19,84
615,2018-08-20,70
680,2018-08-21,62
649,2018-08-22,65
458,2018-08-23,101
219,2018-08-24,167
140,2018-08-25,211
325,2018-08-26,131
206,2018-08-27,175
598,2018-08-28,73
980,2018-08-29,34
408,2018-08-30,111
304,2018-08-31,138
1012,2018-09-01,31
238,2018-09-02,163
253,2018-09-03,158
9997,2018-09-04,101
831,2018-09-05,48
70,2018-09-06,256
798,2018-09-07,50
571,2018-09-08,78
487,2018-09-09,95
995,2018-09-10,32
285,2018-09-11,145
328,2018-09-12,131
605,2018-09-13,72
170,2018-09-14,198
51,2018-09-15,272
416,2018-09-16,110
1003,2018-09-17,31
1103,2018-09-18,14
588,2018-09-19,74
410,2018-09-20,111
441,2018-09-21,104
6,2018-09-22,357
225,2018-09-23,166
394,2018-09-24,113
1101,2018-09-25,16
786,2018-09-26,52
404,2018-09-27,112
130,2018-09-28,218
32,2018-09-29,300
360,2018-09-30,123
782,2018-10-01,52
13,2018-10-02,334
19,2018-10-03,316
9996,2018-10-04,216
658,2018-10-05,64
353,2018-10-06,124
978,2018-10-07,34
266,2018-10-08,153
957,2018-10-09,36
902,2018-10-10,42
69,2018-10-11,257
889,2018-10-12,43
40,2018-10-13,286
332,2018-10-14,130
582,2018-10-15,75
857,2018-10-16,46
589,2018-10-17,74
460,2018-10-18,101
200,2018-10-19,178
14,2018-10-20,333
478,2018-10-21,97
901,2018-10-22,42
758,2018-10-23,54
821,2018-10-24,49
536,2018-10-25,85
229,2018-10-26,165
61,2018-10-27,263
426,2018-10-28,107
599,2018-10-29,73
635,2018-10-30,68
434,2018-10-31,105
1064,2018-11-01,23
374,2018-11-02,119
89,2018-11-03,243
9995,2018-11-04,157
313,2018-11-05,136
1043,2018-11-06,26
386,2018-11-07,117
36,2018-11-08,294
996,2018-11-09,32
725,2018-11-10,57
507,2018-11-11,91
959,2018-11-12,36
879,2018-11-13,44
922,2018-11-14,40
842,2018-11-15,47
82,2018-11-16,246
156,2018-11-17,204
307,2018-11-18,137
794,2018-11-19,51
774,2018-11-20,53
852,2018-11-21,46
970,2018-11-22,35
264,2018-11-23,153
44,2018-11-24,275
542,2018-11-25,84
682,2018-11-26,61
1007,2018-11-27,31
559,2018-11-28,81
923,2018-11-29,39
188,2018-11-30,186
339,2018-12-01,128
983,2018-12-02,34
1006,2018-12-03,31
9991,2018-12-04,166
66,2018-12-05,259
708,2018-12-06,58
348,2018-12-07,126
300,2018-12-08,139
975,2018-12-09,35
203,2018-12-10,177
719,2018-12-11,57
971,2018-12-12,35
606,2018-12-13,72
134,2018-12-14,214
9,2018-12-15,340
315,2018-12-16,135
745,2018-12-17,55
917,2018-12-18,40
398,2018-12-19,112
470,2018-12-20,99
163,2018-12-21,200
10,2018-12-22,338
376,2018-12-23,118
111,2018-12-24,229
9992,2018-12-25,178
731,2018-12-26,56
227,2018-12-27,165
387,2018-12-28,116
210,2018-12-29,173
292,2018-12-30,142
20,2018-12-31,314
